,#IATA,size,name,lat long,country_code,city
0,ASH,large_airport,Ashburn Airport,39.043611 -77.4875,US,Ashburn
1,AMX,large_airport,Amsterdam Airport Schiphol,52.3086013794 4.7638897896,NL,Amsterdam
4,PIX,large_airport,San Francisco International Airport,37.6189994812 -122.375,US,San Francisco
5,CHI,large_airport,Chicago Midway International Airport,41.7859992981 -87.7524032593,US,Chicago
6,HKX,large_airport,Chek Lap Kok International Airport,22.308889 113.914722,HK,Hong Kong
7,WEL,large_airport,Wellington International Airport,-41.3272018433 174.804992676,NZ,Wellington
9,TAI,large_airport,Taiwan Taoyuan International Airport,25.0776996613 121.233001709,TW,Taipei
11,WIE,large_airport,Vienna International Airport,48.1102981567 16.5697002411,AT,Vienna
12,NIX,large_airport,Oslo Gardermoen Airport,60.193901062 11.100399971,NO,Oslo
13,RWX,large_airport,Kigali Airport,-1.943889 30.059444,X,Kigali
15,PAR,large_airport,Charles de Gaulle International Airport,49.0127983093 2.5499999523,FR,Paris
16,AAL,large_airport,Aalborg Airport,57.0927589138 9.8492431641,DK,Aalborg
31,ABQ,large_airport,Albuquerque International Sunport Airport,35.0401992798 -106.6090011597,US,Albuquerque
34,ABV,large_airport,Nnamdi Azikiwe International Airport,9.0067901611 7.2631697655,NG,Abuja
37,ABZ,large_airport,Aberdeen Dyce Airport,57.2019004822 -2.1977798939,GB,Aberdeen
38,ACA,large_airport,General Juan N Alvarez International Airport,16.7570991516 -99.7539978027,MX,Acapulco
39,ACC,large_airport,Kotoka International Airport,5.6051898003 -0.1667860001,GH,Accra
46,ADA,large_airport,Adana Airport,36.9822006226 35.2803993225,TR,Adana
47,ADB,large_airport,Adnan Menderes International Airport,38.2924003601 27.156999588,TR,İzmir
48,ADD,large_airport,Bole International Airport,8.9778900147 38.7993011475,ET,Addis Ababa
56,ADW,large_airport,Andrews Air Force Base,38.810798645 -76.8669967651,US,Camp Springs
61,AER,large_airport,Sochi International Airport,43.4499015808 39.9566001892,RU,Sochi
66,AFW,large_airport,Fort Worth Alliance Airport,32.9875984192 -97.3188018799,US,Fort Worth
74,AGP,large_airport,Málaga Airport,36.6749000549 -4.4991102219,ES,Málaga
75,AGS,large_airport,Augusta Regional At Bush Field,33.3698997498 -81.9645004272,US,Augusta
90,AKL,large_airport,Auckland International Airport,-37.0080986023 174.792007446,NZ,Auckland
95,ALA,large_airport,Almaty Airport,43.3521003723 77.0404968262,KZ,Almaty
97,ALC,large_airport,Alicante International Airport,38.2821998596 -0.5581560135,ES,Alicante
99,ALG,large_airport,Houari Boumediene Airport,36.6910018921 3.2154099941,DZ,Algiers
106,ALP,large_airport,Aleppo International Airport,36.1806983948 37.2243995667,SY,Aleppo
110,AMA,large_airport,Rick Husband Amarillo International Airport,35.2193984985 -101.7060012817,US,Amarillo
112,AMM,large_airport,Queen Alia International Airport,31.7226009369 35.9931983948,JO,Amman
117,ANC,large_airport,Ted Stevens Anchorage International Airport,61.1744003296 -149.9960021973,US,Anchorage
152,ARN,large_airport,Stockholm-Arlanda Airport,59.6519012451 17.9186000824,SE,Stockholm
159,DCA,large_airport,Ronald Reagan Washington National Airport,38.8521003723 -77.0376968384,US,Washington
171,ATH,large_airport,Eleftherios Venizelos International Airport,37.9364013672 23.9444999695,GR,Athens
172,ATL,large_airport,Hartsfield Jackson Atlanta International Airport,33.6366996765 -84.4281005859,US,Atlanta
174,ATQ,large_airport,Sri Guru Ram Dass Jee International Airport Amritsar,31.7096004486 74.7973022461,IN,Amritsar
182,AUH,large_airport,Abu Dhabi International Airport,24.4330005646 54.6511001587,AE,Abu Dhabi
184,AUS,large_airport,Austin Bergstrom International Airport,30.1944999695 -97.6698989868,US,Austin
189,AVL,large_airport,Asheville Regional Airport,35.4361991882 -82.5418014526,US,Asheville
200,AYT,large_airport,Antalya International Airport,36.8987007141 30.8005008698,TR,Antalya
205,BAB,large_airport,Beale Air Force Base,39.136100769 -121.43699646,US,Marysville
206,BAD,large_airport,Barksdale Air Force Base,32.5018005371 -93.6626968384,US,Bossier City
209,BAH,large_airport,Bahrain International Airport,26.2707996368 50.6335983276,BH,Manama
229,BCN,large_airport,Barcelona International Airport,41.2971000671 2.0784599781,ES,Barcelona
233,BDL,large_airport,Bradley International Airport,41.9388999939 -72.6831970215,US,Hartford
240,BEG,large_airport,Belgrade Nikola Tesla Airport,44.8184013367 20.3090991974,RS,Belgrade
241,BEI,large_airport,Beijing Nanyuan Airport,39.7827987671 116.3880004883,CN,Beijing
242,BEL,large_airport,Val de Cans/Júlio Cezar Ribeiro International Airport,-1.3792500496 -48.4762992859,BR,Belém
250,BEY,large_airport,Beirut Rafic Hariri International Airport,33.8208999634 35.4883995056,LB,Beirut
254,BFI,large_airport,Boeing Field King County International Airport,47.5299987793 -122.3020019531,US,Seattle
260,BFS,large_airport,Belfast International Airport,54.6575012207 -6.2158298492,GB,Belfast
267,BGO,large_airport,Bergen Airport Flesland,60.2933998108 5.2181401253,NO,Bergen
268,BGR,large_airport,Bangor International Airport,44.8073997498 -68.8281021118,US,Bangor
269,BGW,large_airport,Baghdad International Airport,33.2625007629 44.2346000671,IQ,Baghdad
271,BGY,large_airport,Bergamo / Orio Al Serio Airport,45.6739006042 9.7041702271,IT,Bergamo
279,BHM,large_airport,Birmingham-Shuttlesworth International Airport,33.56290054 -86.75350189,US,Birmingham
290,BIL,large_airport,Billings Logan International Airport,45.8077011108 -108.5429992676,US,Billings
304,BJV,large_airport,Milas Bodrum International Airport,37.2505989075 27.6643009186,TR,Bodrum
312,BKK,large_airport,Suvarnabhumi Airport,13.6810998917 100.7470016479,TH,Bangkok
323,BLL,large_airport,Billund Airport,55.7402992249 9.1517801285,DK,Billund
324,BLQ,large_airport,Bologna / Borgo Panigale Airport,44.5354003906 11.2887001038,IT,Bologna
325,BLR,large_airport,Bengaluru International Airport,13.1978998184 77.7062988281,IN,Bangalore
326,BLV,large_airport,Scott AFB/Midamerica Airport,38.54520035 -89.83519745,US,Belleville
331,BMI,large_airport,Central Illinois Regional Airport at Bloomington-Normal,40.47710037 -88.91590118,US,Bloomington/Normal
335,BNA,large_airport,Nashville International Airport,36.1245002747 -86.6781997681,US,Nashville
337,BNE,large_airport,Brisbane International Airport,-27.3841991425 153.1170043945,AU,Brisbane
344,BOD,large_airport,Bordeaux-Mérignac (BA 106) Airport,44.8283004761 -0.7155560255,FR,Bordeaux/Mérignac
345,BOG,large_airport,El Dorado International Airport,4.70159 -74.1469,CO,Bogota
346,BOH,large_airport,Bournemouth Airport,50.7799987793 -1.8424999714,GB,Bournemouth
347,BOI,large_airport,Boise Air Terminal/Gowen field,43.56439972 -116.2229996,US,Boise
348,BOJ,large_airport,Burgas Airport,42.5695991516 27.5151996613,BG,Burgas
349,BOM,large_airport,Chhatrapati Shivaji International Airport,19.0886993408 72.8678970337,IN,Mumbai
351,BOO,large_airport,Bodø Airport,67.269203186 14.3653001785,NO,Bodø
352,BOS,large_airport,General Edward Lawrence Logan International Airport,42.36429977 -71.00520325,US,Boston
366,BRE,large_airport,Bremen Airport,53.0475006104 8.7866697311,DE,Bremen
367,BRI,large_airport,Bari / Palese International Airport,41.1389007568 16.7605991364,IT,Bari
373,BRS,large_airport,Bristol International Airport,51.3827018738 -2.7190899849,GB,Bristol
374,BRU,large_airport,Brussels Airport,50.9014015198 4.4844398499,BE,Brussels
377,BSB,large_airport,Presidente Juscelino Kubistschek International Airport,-15.8691673279 -47.9208335876,BR,Brasília
380,BSL,large_airport,EuroAirport Basel-Mulhouse-Freiburg Airport,47.5895996094 7.5299100876,FR,Bâle/Mulhouse
382,BSR,large_airport,Basrah International Airport,30.5491008759 47.6621017456,IQ,Basrah
389,BTR,large_airport,Baton Rouge Metropolitan Ryan Field,30.53319931 -91.14959717,US,Baton Rouge
390,BTS,large_airport,M. R. Štefánik Airport,48.1702003479 17.2126998901,SK,Bratislava
393,BUD,large_airport,Budapest Listz Ferenc international Airport,47.4369010925 19.2555999756,HU,Budapest
394,BUF,large_airport,Buffalo Niagara International Airport,42.94049835 -78.73220062,US,Buffalo
410,BWI,large_airport,Baltimore/Washington International Thurgood Marshall Airport,39.17539978 -76.66829681,US,Baltimore
411,BWN,large_airport,Brunei International Airport,4.9442000389 114.9280014038,BN,Bandar Seri Begawan
425,BZE,large_airport,Philip S. W. Goldson International Airport,17.539100647 -88.3081970215,BZ,Belize City
435,CAE,large_airport,Columbia Metropolitan Airport,33.9388008118 -81.1194992065,US,Columbia
436,CAG,large_airport,Cagliari / Elmas Airport,39.251499176 9.0542802811,IT,Cagliari
437,CAI,large_airport,Cairo International Airport,30.1219005585 31.4055995941,EG,Cairo
440,CAN,large_airport,Guangzhou Baiyun International Airport,23.3924007416 113.2990036011,CN,Guangzhou
447,CBM,large_airport,Columbus Air Force Base,33.6437988281 -88.4438018799,US,Columbus
450,CBR,large_airport,Canberra International Airport,-35.3069000244 149.1950073242,AU,Canberra
456,CCJ,large_airport,Calicut International Airport,11.1367998123 75.9552993774,IN,Calicut
460,CCU,large_airport,Netaji Subhash Chandra Bose International Airport,22.6546993256 88.4467010498,IN,Kolkata
467,CEB,large_airport,Mactan Cebu International Airport,10.3074998856 123.9789962769,PH,Lapu-Lapu City
485,CGH,large_airport,Congonhas Airport,-23.6261100769 -46.6563873291,BR,São Paulo
487,CGK,large_airport,Soekarno-Hatta International Airport,-6.1255698204 106.65599823,ID,Jakarta
488,CGN,large_airport,Cologne Bonn Airport,50.8658981323 7.1427397728,DE,Cologne
489,CGO,large_airport,Xinzheng Airport,34.5196990967 113.841003418,CN,Zhengzhou
493,CGY,large_airport,Laguindingan Airport,8.612203 124.456496,PH,Cagayan de Oro City
494,CHA,large_airport,Lovell Field,35.0353012085 -85.2037963867,US,Chattanooga
495,CHC,large_airport,Christchurch International Airport,-43.4893989563 172.5319976807,NZ,Christchurch
502,CHS,large_airport,Charleston Air Force Base-International Airport,32.89860153 -80.04049683,US,Charleston
505,CIA,large_airport,Ciampino Airport,41.7994003296 12.5949001312,IT,Rome
506,CID,large_airport,The Eastern Iowa Airport,41.8847007751 -91.7108001709,US,Cedar Rapids
515,CJJ,large_airport,Cheongju International Airport,36.7165985107 127.499000549,KR,Cheongju
518,CJU,large_airport,Jeju International Airport,33.5112991333 126.4929962158,KR,Jeju City
521,CKG,large_airport,Chongqing Jiangbei International Airport,29.7192001343 106.641998291,CN,Chongqing
522,CKL,large_airport,Chkalovskiy Airport,55.8782997131 38.0616989136,RU,Moscow
527,CLE,large_airport,Cleveland Hopkins International Airport,41.4117012024 -81.8498001099,US,Cleveland
534,CLT,large_airport,Charlotte Douglas International Airport,35.2140007019 -80.9430999756,US,Charlotte
536,CMB,large_airport,Bandaranaike International Colombo Airport,7.1807599068 79.8841018677,LK,Colombo
542,CMN,large_airport,Mohammed V International Airport,33.3675003052 -7.5899701118,MA,Casablanca
548,CNF,large_airport,Tancredo Neves International Airport,-19.6244430542 -43.9719429016,BR,Belo Horizonte
554,CNX,large_airport,Chiang Mai International Airport,18.7667999268 98.962600708,TH,Chiang Mai
557,COK,large_airport,Cochin International Airport,10.1520004272 76.4019012451,IN,Cochin
560,COS,large_airport,City of Colorado Springs Municipal Airport,38.8058013916 -104.7009963989,US,Colorado Springs
565,CPH,large_airport,Copenhagen Kastrup Airport,55.6179008484 12.6560001373,DK,Copenhagen
567,CPR,large_airport,Casper-Natrona County International Airport,42.90800095 -106.4639969,US,Casper
568,CPT,large_airport,Cape Town International Airport,-33.9648017883 18.6016998291,ZA,Cape Town
575,CRK,large_airport,Diosdado Macapagal International Airport,15.1859998703 120.559997559,PH,Angeles City
578,CRP,large_airport,Corpus Christi International Airport,27.7703990936 -97.5011978149,US,Corpus Christi
585,CSX,large_airport,Changsha Huanghua International Airport,28.1891994476 113.220001221,CN,Changsha
587,CTA,large_airport,Catania / Fontanarossa Airport,37.4668006897 15.0663995743,IT,Catania
593,CTS,large_airport,New Chitose Airport,42.7751998901 141.6920013428,JP,Chitose/Tomakomai
595,CTU,large_airport,Chengdu Shuangliu International Airport,30.5785007477 103.9469985962,CN,Chengdu
599,CUF,large_airport,Cuneo / Levaldigi Airport,44.547000885 7.6232199669,IT,Cuneo
601,CUN,large_airport,Cancún International Airport,21.0365009308 -86.8770980835,MX,Cancún
606,CUZ,large_airport,Alejandro Velasco Astete International Airport,-13.5356998444 -71.9387969971,PE,Cusco
607,CVG,large_airport,Cincinnati Northern Kentucky International Airport,39.0488014221 -84.6678009033,US,Cincinnati
610,CVS,large_airport,Cannon Air Force Base,34.3828010559 -103.321998596,US,Clovis
613,CWB,large_airport,Afonso Pena Airport,-25.5284996033 -49.1758003235,BR,Curitiba
616,CWL,large_airport,Cardiff International Airport,51.3967018127 -3.3433299065,GB,Cardiff
632,DAD,large_airport,Da Nang International Airport,16.0438995361 108.1989974976,VN,Da Nang
633,DAL,large_airport,Dallas Love Field,32.8470993042 -96.8517990112,US,Dallas
634,DAM,large_airport,Damascus International Airport,33.4114990234 36.5155982971,SY,Damascus
636,DAR,large_airport,Julius Nyerere International Airport,-6.8780555556 39.2033333333,TZ,Dar es Salaam
640,DAY,large_airport,James M Cox Dayton International Airport,39.9024009705 -84.2193984985,US,Dayton
642,DBI,large_airport,Dubai International Airport,25.2527999878 55.3643989563,AE,Dubai
644,DBQ,large_airport,Dubuque Regional Airport,42.40200043 -90.70950317,US,Dubuque
655,DEL,large_airport,Indira Gandhi International Airport,28.5664997101 77.1031036377,IN,New Delhi
657,DEN,large_airport,Denver International Airport,39.8616981506 -104.672996521,US,Denver
661,DFW,large_airport,Dallas Fort Worth International Airport,32.8968009949 -97.0380020142,US,Dallas-Fort Worth
667,DHA,large_airport,King Abdulaziz Air Base,26.2653999329 50.1520004272,SA,Dhahran
682,DKR,large_airport,Léopold Sédar Senghor International Airport,14.7397003174 -17.4902000427,SN,Dakar
685,DLC,large_airport,Zhoushuizi Airport,38.9656982422 121.5390014648,CN,Dalian
688,DLH,large_airport,Duluth International Airport,46.8420982361 -92.1936035156,US,Duluth
689,DLM,large_airport,Dalaman International Airport,36.7131004333 28.7924995422,TR,Dalaman
696,DMM,large_airport,King Fahd International Airport,26.471200943 49.7979011536,SA,Ad Dammam
698,DNA,large_airport,Kadena Air Base,26.3556003571 127.7679977417,JP,Okinawa
705,DOH,large_airport,Doha International Airport,25.261100769 51.5651016235,QA,Doha
707,DOK,large_airport,Donetsk International Airport,48.073600769 37.7397003174,UA,Donetsk
714,DPS,large_airport,Ngurah Rai (Bali) International Airport,-8.748169899 115.1669998169,ID,Denpasar Bali
716,DRS,large_airport,Dresden Airport,51.1328010559 13.76720047,DE,Dresden
719,DSA,large_airport,Robin Hood Doncaster Sheffield Airport,53.4805378105 -1.0106563568,GB,Doncaster
720,DSM,large_airport,Des Moines International Airport,41.5340003967 -93.6631011963,US,Des Moines
723,DTM,large_airport,Dortmund Airport,51.5182991028 7.6122398377,DE,Dortmund
724,DTW,large_airport,Detroit Metropolitan Wayne County Airport,42.2123985291 -83.3534011841,US,Detroit
725,DUB,large_airport,Dublin Airport,53.4212989807 -6.270070076,IE,Dublin
729,DUR,large_airport,King Shaka International Airport,-29.6144444444 31.1197222222,ZA,Durban
730,DUS,large_airport,Düsseldorf International Airport,51.2895011902 6.7667798996,DE,Düsseldorf
732,DVO,large_airport,Francisco Bangoy International Airport,7.1255202293 125.6460037231,PH,Davao City
736,DYS,large_airport,Dyess Air Force Base,32.4207992554 -99.854598999,US,Abilene
754,EDI,large_airport,Edinburgh Airport,55.9500007629 -3.3724999428,GB,Edinburgh
767,EIN,large_airport,Eindhoven Airport,51.4500999451 5.3745298386,NL,Eindhoven
780,EMA,large_airport,East Midlands Airport,52.8311004639 -1.3280600309,GB,Nottingham
785,END,large_airport,Vance Air Force Base,36.3391990662 -97.9164962769,US,Enid
796,ERI,large_airport,Erie International Tom Ridge Field,42.0831270134 -80.1738667488,US,Erie
798,ERZ,large_airport,Erzurum International Airport,39.9565010071 41.1702003479,TR,Erzurum
799,ESB,large_airport,Esenboğa International Airport,40.1281013489 32.995098114,TR,Ankara
806,EVN,large_airport,Zvartnots International Airport,40.1473007202 44.3959007263,AM,Yerevan
812,EWR,large_airport,Newark Liberty International Airport,40.6925010681 -74.1687011719,US,Newark
813,EXT,large_airport,Exeter International Airport,50.7344017029 -3.4138898849,GB,Exeter
817,EZE,large_airport,Ministro Pistarini International Airport,-34.8222 -58.5358,AR,Buenos Aires
821,FAI,large_airport,Fairbanks International Airport,64.81510162 -147.8560028,US,Fairbanks
823,FAO,large_airport,Faro Airport,37.0144004822 -7.9659099579,PT,Faro
840,FFD,large_airport,RAF Fairford,51.6822013855 -1.7900300026,GB,Fairford
844,FKB,large_airport,Karlsruhe Baden-Baden Airport,48.7793998718 8.0804996491,DE,Baden-Baden
850,FLL,large_airport,Fort Lauderdale Hollywood International Airport,26.072599411 -80.1527023315,US,Fort Lauderdale
851,FLN,large_airport,Hercílio Luz International Airport,-27.6702785492 -48.5525016785,BR,Florianópolis
857,FMO,large_airport,Münster Osnabrück Airport,52.134601593 7.6848301888,DE,Münster
864,FOC,large_airport,Fuzhou Changle International Airport,25.9351005554 119.6630020142,CN,Fuzhou
872,FRA,large_airport,Frankfurt am Main International Airport,50.0264015198 8.543129921,DE,Frankfurt-am-Main
877,FRU,large_airport,Manas International Airport,43.0612983704 74.4776000977,KG,Bishkek
881,FSM,large_airport,Fort Smith Regional Airport,35.3366012573 -94.367401123,US,Fort Smith
884,FSZ,large_airport,Mt. Fuji Shizuoka Airport,34.7960434679 138.18775177,JP,Makinohara/Shimada
889,FUK,large_airport,Fukuoka Airport,33.585899353 130.4510040283,JP,Fukuoka
892,FWA,large_airport,Fort Wayne International Airport,40.97850037 -85.19509888,US,Fort Wayne
909,GCM,large_airport,Owen Roberts International Airport,19.2928009033 -81.3576965332,KY,Georgetown
911,GDL,large_airport,Don Miguel Hidalgo Y Costilla International Airport,20.5217990875 -103.3109970093,MX,Guadalajara
912,GDN,large_airport,Gdańsk Lech Wałęsa Airport,54.3776016235 18.4661998749,PL,Gdańsk
920,GEG,large_airport,Spokane International Airport,47.6198997498 -117.533996582,US,Spokane
922,GEN,large_airport,Geneva Cointrin International Airport,46.2380981445 6.1089501381,CH,Geneva
938,GIG,large_airport,Galeão - Antônio Carlos Jobim International Airport,-22.8099994659 -43.2505569458,BR,Rio De Janeiro
947,GLA,large_airport,Glasgow International Airport,55.8718986511 -4.4330601692,GB,Glasgow
959,GMP,large_airport,Gimpo International Airport,37.5583000183 126.791000366,KR,Seoul
966,GOA,large_airport,Genova / Sestri Cristoforo Colombo Airport,44.4132995605 8.8374996185,IT,Genova
968,GOI,large_airport,Dabolim Airport,15.3808002472 73.8313980103,IN,Vasco da Gama
972,GOT,large_airport,Gothenburg-Landvetter Airport,57.6627998352 12.279800415,SE,Gothenburg
978,GPT,large_airport,Gulfport Biloxi International Airport,30.4073009491 -89.070098877,US,Gulfport
979,GRB,large_airport,Austin Straubel International Airport,44.4850997925 -88.1296005249,US,Green Bay
982,GRJ,large_airport,George Airport,-34.0055999756 22.378900528,ZA,George
989,GRV,large_airport,Grozny North Airport,43.3883018494 45.698600769,RU,Grozny
994,GSO,large_airport,Piedmont Triad International Airport,36.0978012085 -79.9373016357,US,Greensboro
995,GSP,large_airport,Greenville Spartanburg International Airport,34.8956985474 -82.2189025879,US,Greenville
1000,GUM,large_airport,Antonio B. Won Pat International Airport,13.4834003448 144.796005249,GU,Hagåtña
1013,GYD,large_airport,Heydar Aliyev International Airport,40.4674987793 50.0466995239,AZ,Baku
1021,GZT,large_airport,Gaziantep International Airport,36.9472007751 37.4786987305,TR,Gaziantep
1024,HAJ,large_airport,Hannover Airport,52.461101532 9.6850795746,DE,Hannover
1025,HAK,large_airport,Haikou Meilan International Airport,19.9349002838 110.4589996338,CN,Haikou
1026,HAM,large_airport,Hamburg Airport,53.6304016113 9.9882297516,DE,Hamburg
1027,HAN,large_airport,Noi Bai International Airport,21.221200943 105.8069992065,VN,Hanoi
1028,HAV,large_airport,José Martí International Airport,22.989200592 -82.4091033936,CU,Havana
1039,HEL,large_airport,Helsinki Vantaa Airport,60.317199707 24.963300705,FI,Helsinki
1041,HER,large_airport,Heraklion International Nikos Kazantzakis Airport,35.3396987915 25.1802997589,GR,Heraklion
1047,HGH,large_airport,Hangzhou Xiaoshan International Airport,30.2294998169 120.4339981079,CN,Hangzhou
1055,HIB,large_airport,Chisholm Hibbing Airport,47.38660049 -92.83899689,US,Hibbing
1073,HMO,large_airport,General Ignacio P. Garcia International Airport,29.0958995819 -111.047996521,MX,Hermosillo
1074,HND,large_airport,Tokyo International Airport,35.5522994995 139.7799987793,JP,Tokyo
1075,HNL,large_airport,Honolulu International Airport,21.3187007904 -157.9219970703,US,Honolulu
1086,HOU,large_airport,William P Hobby Airport,29.64539909 -95.27890015,US,Houston
1091,HRB,large_airport,Taiping Airport,45.6234016418 126.25,CN,Harbin
1093,HRG,large_airport,Hurghada International Airport,27.1783008575 33.7994003296,EG,Hurghada
1094,HRK,large_airport,Kharkiv International Airport,49.9248008728 36.2900009155,UA,Kharkiv
1100,HSV,large_airport,Huntsville International Carl T Jones Field,34.6371994019 -86.775100708,US,Huntsville
1104,HTS,large_airport,Tri-State/Milton J. Ferguson Field,38.36669922 -82.55799866,US,Huntington
1118,HYD,large_airport,Rajiv Gandhi International Airport Shamshabad,17.2313175201 78.4298553467,IN,Hyderabad
1133,ICT,large_airport,Wichita Mid Continent Airport,37.6498985291 -97.4330978394,US,Wichita
1149,IKA,large_airport,Imam Khomeini International Airport,35.4160995483 51.1521987915,IR,Tehran
1165,IND,large_airport,Indianapolis International Airport,39.717300415 -86.2944030762,US,Indianapolis
1188,ISB,large_airport,Benazir Bhutto International Airport,33.6166992188 73.0991973877,PK,Islamabad
1189,ISE,large_airport,Süleyman Demirel International Airport,37.8554000854 30.3684005737,TR,Isparta
1194,IST,large_airport,Atatürk International Airport,40.9768981934 28.8145999908,TR,Istanbul
1199,ITM,large_airport,Osaka International Airport,34.7854995728 135.43800354,JP,Osaka
1231,JAN,large_airport,Jackson-Medgar Wiley Evers International Airport,32.3111991882 -90.0758972168,US,Jackson
1233,JAX,large_airport,Jacksonville International Airport,30.4941005707 -81.6878967285,US,Jacksonville
1239,JED,large_airport,King Abdulaziz International Airport,21.679599762 39.15650177,SA,Jeddah
1243,JFK,large_airport,John F Kennedy International Airport,40.63980103 -73.77890015,US,New York
1257,JLN,large_airport,Joplin Regional Airport,37.1517982483 -94.498298645,US,Joplin
1260,JNB,large_airport,OR Tambo International Airport,-26.1392002106 28.2460002899,ZA,Johannesburg
1287,KBP,large_airport,Boryspil International Airport,50.3450012207 30.8946990967,UA,Kiev
1297,KEF,large_airport,Keflavik International Airport,63.9850006104 -22.6056003571,IS,Reykjavík
1305,KGF,large_airport,Sary-Arka Airport,49.6707992554 73.3343963623,KZ,Karaganda
1312,KHH,large_airport,Kaohsiung International Airport,22.5771007538 120.3499984741,TW,Kaohsiung City
1321,KIN,large_airport,Norman Manley International Airport,17.9356994629 -76.7874984741,JM,Kingston
1327,KJA,large_airport,Yemelyanovo Airport,56.1729011536 92.4933013916,RU,Krasnoyarsk
1341,KMG,large_airport,Kunming Wujiaba International Airport,24.9923992157 102.7440032959,CN,Kunming
1349,KNH,large_airport,Kinmen Airport,24.4279003143 118.3590011597,TW,Kinmen
1350,KNO,large_airport,Medan/Kuala Namu International Airport,3.642222 98.885278,ID,Medan
1356,KOJ,large_airport,Kagoshima Airport,31.8034000397 130.7189941406,JP,Kagoshima
1362,KRK,large_airport,John Paul II International Airport Kraków-Balice Airport,50.0777015686 19.7847995758,PL,Kraków
1367,KRT,large_airport,Khartoum International Airport,15.5895004272 32.5531997681,SD,Khartoum
1383,KTW,large_airport,Katowice International Airport,50.4743003845 19.0799999237,PL,Katowice
1385,KUF,large_airport,Kurumoch International Airport,53.504901886 50.1642990112,RU,Samara
1387,KUL,large_airport,Kuala Lumpur International Airport,2.745579958 101.7099990845,MY,Kuala Lumpur
1390,KUV,large_airport,Kunsan Air Base,35.9038009644 126.6159973145,KR,Kunsan
1396,KWE,large_airport,Longdongbao Airport,26.5384998322 106.8010025024,CN,Guiyang
1398,KWI,large_airport,Kuwait International Airport,29.226600647 47.9688987732,KW,Kuwait City
1400,KWL,large_airport,Guilin Liangjiang International Airport,25.2180995941 110.0390014648,CN,Guilin
1418,LAS,large_airport,McCarran International Airport,36.08010101 -115.1520004,US,Las Vegas
1421,LAX,large_airport,Los Angeles International Airport,33.94250107 -118.4079971,US,Los Angeles
1422,LBA,large_airport,Leeds Bradford Airport,53.8658981323 -1.6605700254,GB,Leeds
1423,LBB,large_airport,Lubbock Preston Smith International Airport,33.6636009216 -101.8229980469,US,Lubbock
1435,LCA,large_airport,Larnaca International Airport,34.8750991821 33.6249008179,CY,Larnaca
1441,LCY,large_airport,London City Airport,51.5052986145 0.0552779995,GB,London
1450,LED,large_airport,Pulkovo Airport,59.8003005981 30.2625007629,RU,St Petersburg
1453,LEJ,large_airport,Leipzig Halle Airport,51.4323997498 12.2416000366,DE,Leipzig
1456,LEX,large_airport,Blue Grass Airport,38.0364990234 -84.6059036255,US,Lexington
1459,LFT,large_airport,Lafayette Regional Airport,30.20529938 -91.98760223,US,Lafayette
1463,LGG,large_airport,Liège Airport,50.6374015808 5.4432201385,BE,Liège
1476,LIM,large_airport,Jorge Chávez International Airport,-12.021900177 -77.1143035889,PE,Lima
1477,LIN,large_airport,Linate Airport,45.445098877 9.2767400742,IT,Milan
1483,LIS,large_airport,Lisbon Portela Airport,38.7812995911 -9.1359195709,PT,Lisbon
1484,LIT,large_airport,Adams Field,34.7294006348 -92.2242965698,US,Little Rock
1487,LJU,large_airport,Ljubljana Jože Pučnik Airport,46.2237014771 14.4575996399,SI,Ljubljana
1490,LKZ,large_airport,RAF Lakenheath,52.4093017578 0.5609999895,GB,Lakenheath
1491,LLA,large_airport,Luleå Airport,65.543800354 22.1219997406,SE,Luleå
1508,LOS,large_airport,Murtala Muhammed International Airport,6.5773701668 3.321160078,NG,Lagos
1509,LPA,large_airport,Gran Canaria Airport,27.9319000244 -15.3865995407,ES,Las Palmas de Gran Canaria
1513,LPL,large_airport,Liverpool John Lennon Airport,53.3335990906 -2.8497200012,GB,Liverpool
1532,LTK,large_airport,Bassel Al-Assad International Airport,35.4011001587 35.9486999512,SY,Latakia
1538,LTX,large_airport,Cotopaxi International Airport,-0.906832993 -78.6157989502,EC,Latacunga
1545,LUX,large_airport,Luxembourg-Findel International Airport,49.6265983582 6.211520195,LU,Luxembourg
1562,MAA,large_airport,Chennai International Airport,12.9900054932 80.1692962646,IN,Chennai
1564,MAD,large_airport,Madrid Barajas International Airport,40.4936 -3.56676,ES,Madrid
1570,MAN,large_airport,Manchester Airport,53.3536987305 -2.2749500275,GB,Manchester
1575,MBA,large_airport,Mombasa Moi International Airport,-4.0348300934 39.5942001343,KE,Mombasa
1579,MBS,large_airport,MBS International Airport,43.5329017639 -84.0795974731,US,Saginaw
1584,MCI,large_airport,Kansas City International Airport,39.2975997925 -94.7138977051,US,Kansas City
1587,MCO,large_airport,Orlando International Airport,28.4293994904 -81.3089981079,US,Orlando
1590,MCT,large_airport,Muscat International Airport,23.5932998657 58.2844009399,OM,Muscat
1601,MDL,large_airport,Mandalay International Airport,21.7021999359 95.977897644,MM,Mandalay
1608,MED,large_airport,Prince Mohammad Bin Abdulaziz Airport,24.5534000397 39.7051010132,SA,Medina
1613,MEL,large_airport,Melbourne International Airport,-37.6733016968 144.8430023193,AU,Melbourne
1614,MEM,large_airport,Memphis International Airport,35.0424003601 -89.9766998291,US,Memphis
1618,MEX,large_airport,Licenciado Benito Juarez International Airport,19.4363002777 -99.0720977783,MX,Mexico City
1620,MFM,large_airport,Macau International Airport,22.1495990753 113.5920028687,MO,Macau
1627,MGM,large_airport,Montgomery Regional (Dannelly Field) Airport,32.30059814 -86.39399719,US,Montgomery
1631,MHD,large_airport,Mashhad International Airport,36.2351989746 59.6409988403,IR,Mashhad
1637,MHZ,large_airport,RAF Mildenhall,52.3619003296 0.4864059985,GB,Mildenhall
1638,MIA,large_airport,Miami International Airport,25.7931995392 -80.2906036377,US,Miami
1656,MKE,large_airport,General Mitchell International Airport,42.9472007751 -87.8965988159,US,Milwaukee
1663,MLA,large_airport,Malta International Airport,35.857498 14.4775,MT,Luqa
1665,MLE,large_airport,Malé International Airport,4.1918301582 73.5290985107,MV,Malé
1666,MLI,large_airport,Quad City International Airport,41.4485015869 -90.5074996948,US,Moline
1670,MLU,large_airport,Monroe Regional Airport,32.5108985901 -92.0376968384,US,Monroe
1678,MMX,large_airport,Malmö Sturup Airport,55.536305364 13.3761978149,SE,Malmö
1679,MNL,large_airport,Ninoy Aquino International Airport,14.508600235 121.019996643,PH,Manila
1683,MOB,large_airport,Mobile Regional Airport,30.6912002563 -88.2427978516,US,Mobile
1708,MRS,large_airport,Marseille Provence Airport,43.439271922 5.2214241028,FR,Marseille
1716,MSN,large_airport,Dane County Regional Truax Field,43.1399002075 -89.3375015259,US,Madison
1718,MSP,large_airport,Minneapolis-St Paul International/Wold-Chamberlain Airport,44.8819999695 -93.2218017578,US,Minneapolis
1719,MSQ,large_airport,Minsk International Airport,53.8824996948 28.0307006836,BY,Minsk
1722,MST,large_airport,Maastricht Aachen Airport,50.9117012024 5.7701401711,NL,Maastricht
1725,MSY,large_airport,Louis Armstrong New Orleans International Airport,29.9934005737 -90.2580032349,US,New Orleans
1731,MTY,large_airport,General Mariano Escobedo International Airport,25.7784996033 -100.107002258,MX,Monterrey
1733,MUC,large_airport,Munich International Airport,48.3538017273 11.7861003876,DE,Munich
1737,MVD,large_airport,Carrasco International /General C L Berisso Airport,-34.8384017944 -56.0307998657,UY,Montevideo
1744,MWX,large_airport,Muan International Airport,34.991406 126.382814,KR,Gwangju
1756,MYR,large_airport,Myrtle Beach International Airport,33.6796989441 -78.9282989502,US,Myrtle Beach
1768,NAS,large_airport,Lynden Pindling International Airport,25.0389995575 -77.4662017822,BS,Nassau
1770,NAV,large_airport,Nevşehir Kapadokya International Airport,38.771900177 34.5345001221,TR,Nevşehir
1773,NBE,large_airport,Enfidha - Hammamet International Airport,36.075833 10.438611,TN,Hammamet
1774,NBO,large_airport,Jomo Kenyatta International Airport,-1.319239974 36.9277992249,KE,Nairobi
1778,NCE,large_airport,Nice-Côte d'Azur Airport,43.6584014893 7.2158699036,FR,Nice
1779,NCL,large_airport,Newcastle Airport,55.0374984741 -1.6916699409,GB,Newcastle
1792,NGB,large_airport,Ningbo Lishe International Airport,29.8267002106 121.4619979858,CN,Ningbo
1793,NGO,large_airport,Chubu Centrair International Airport,34.8583984375 136.8049926758,JP,Tokoname
1802,NKG,large_airport,Nanjing Lukou Airport,31.7420005798 118.8619995117,CN,Nanjing
1807,NNG,large_airport,Nanning Wuxu Airport,22.6082992554 108.1719970703,CN,Nanning
1826,NUE,large_airport,Nuremberg Airport,49.4986991882 11.0669002533,DE,Nuremberg
1833,NWI,large_airport,Norwich International Airport,52.6758003235 1.2827800512,GB,Norwich
1841,OAK,large_airport,Metropolitan Oakland International Airport,37.7212982178 -122.2210006714,US,Oakland
1851,ODS,large_airport,Odessa International Airport,46.4267997742 30.6765003204,UA,Odessa
1860,OKA,large_airport,Naha Airport,26.1958007812 127.646003723,JP,Naha
1861,OKC,large_airport,Will Rogers World Airport,35.3931007385 -97.6007003784,US,Oklahoma City
1864,OKO,large_airport,Yokota Air Base,35.748500824 139.3480072021,JP,Fussa
1877,ONT,large_airport,Ontario International Airport,34.0559997559 -117.6009979248,US,Ontario
1882,OPO,large_airport,Francisco de Sá Carneiro Airport,41.2481002808 -8.6813898087,PT,Porto
1887,ORF,large_airport,Norfolk International Airport,36.8945999146 -76.2012023926,US,Norfolk
1889,ORK,large_airport,Cork Airport,51.8413009644 -8.491109848,IE,Cork
1904,OTP,large_airport,Henri Coandă International Airport,44.5722007751 26.1021995544,RO,Bucharest
1937,PBI,large_airport,Palm Beach International Airport,26.6832008362 -80.0955963135,US,West Palm Beach
1946,PDL,large_airport,João Paulo II Airport,37.7411994934 -25.6979007721,PT,Ponta Delgada
1949,PDV,large_airport,Plovdiv International Airport,42.0677986145 24.8507995605,BG,Plovdiv
1950,PDX,large_airport,Portland International Airport,45.58869934 -122.5979996,US,Portland
1958,PER,large_airport,Perth International Airport,-31.9402999878 115.9670028687,AU,Perth
1967,PFO,large_airport,Paphos International Airport,34.7179985046 32.4856987,CY,Paphos
1974,PHF,large_airport,Newport News Williamsburg International Airport,37.13190079 -76.49299622,US,Newport News
1975,PHL,large_airport,Philadelphia International Airport,39.8718986511 -75.2410964966,US,Philadelphia
1977,PHX,large_airport,Phoenix Sky Harbor International Airport,33.434299469 -112.0120010376,US,Phoenix
1978,PIA,large_airport,Greater Peoria Regional Airport,40.6641998291 -89.6932983398,US,Peoria
1987,PIT,large_airport,Pittsburgh International Airport,40.49150085 -80.23290253,US,Pittsburgh
2011,PMI,large_airport,Palma de Mallorca Airport,39.551700592 2.7388100624,ES,Palma de Mallorca
2012,PMO,large_airport,Palermo / Punta Raisi Airport,38.1759986877 13.0909996033,IT,Palermo
2019,PNH,large_airport,Phnom Penh International Airport,11.5466003418 104.84400177,KH,Phnom Penh
2031,POM,large_airport,Port Moresby Jacksons International Airport,-9.4433803558 147.2200012207,PG,Port Moresby
2038,POZ,large_airport,Poznan-Ławica Airport,52.4210014343 16.8262996674,PL,Poznan
2052,PRG,large_airport,Ruzyně International Airport,50.1007995605 14.2600002289,CZ,Prague
2053,PRN,large_airport,Priština International Airport,42.5727996826 21.0358009338,KS,Prishtina
2057,PSA,large_airport,Pisa / San Giusto - Galileo Galilei International Airport,43.6838989258 10.3927001953,IT,Pisa
2072,PTY,large_airport,Tocumen International Airport,9.0713596344 -79.3834991455,PA,Tocumen
2075,PUJ,large_airport,Punta Cana International Airport,18.5673999786 -68.3634033203,DO,Punta Cana
2077,PUS,large_airport,Gimhae International Airport,35.1795005798 128.93800354,KR,Busan
2084,PVG,large_airport,Shanghai Pudong International Airport,31.1434001923 121.8050003052,CN,Shanghai
2089,PVR,large_airport,Licenciado Gustavo Díaz Ordaz International Airport,20.6800994873 -105.2539978027,MX,Puerto Vallarta
2134,QUO,large_airport,Akwa Ibom International Airport,4.8725 8.093,NG,Uyo
2147,RAR,large_airport,Rarotonga International Airport,-21.2026996613 -159.805999756,CK,Avarua
2159,RDU,large_airport,Raleigh Durham International Airport,35.8776016235 -78.7874984741,US,Raleigh/Durham
2165,REP,large_airport,Angkor International Airport,13.4106998444 103.81300354,KH,Siem Reap
2170,RFD,large_airport,Chicago Rockford International Airport,42.195400238 -89.0971984863,US,Chicago/Rockford
2174,RGN,large_airport,Yangon International Airport,16.9073009491 96.1332015991,MM,Yangon
2179,RIC,large_airport,Richmond International Airport,37.5051994324 -77.3197021484,US,Richmond
2183,RIX,large_airport,Riga International Airport,56.9235992432 23.9710998535,LV,Riga
2196,RMS,large_airport,Ramstein Air Base,49.4369010925 7.600279808,DE,Ramstein
2200,RNO,large_airport,Reno Tahoe International Airport,39.4990997314 -119.7679977417,US,Reno
2201,ROA,large_airport,Roanoke Regional Woodrum Field,37.3255004883 -79.975402832,US,Roanoke
2203,ROC,large_airport,Greater Rochester International Airport,43.1189002991 -77.6724014282,US,Rochester
2218,RSW,large_airport,Southwest Florida International Airport,26.5361995697 -81.7552032471,US,Fort Myers
2222,RUH,large_airport,King Khaled International Airport,24.9575996399 46.6987991333,SA,Riyadh
2238,SAN,large_airport,San Diego International Airport,32.7336006165 -117.1900024414,US,San Diego
2240,SAT,large_airport,San Antonio International Airport,29.533700943 -98.4698028564,US,San Antonio
2241,SAV,large_airport,Savannah Hilton Head International Airport,32.12760162 -81.20210266,US,Savannah
2246,SBN,large_airport,South Bend Regional Airport,41.7086982727 -86.3172988892,US,South Bend
2253,SCL,large_airport,Comodoro Arturo Merino Benítez International Airport,-33.3930015564 -70.7857971191,CL,Santiago
2256,SCQ,large_airport,Santiago de Compostela Airport,42.8963012695 -8.415140152,ES,Santiago de Compostela
2263,SDF,large_airport,Louisville International Standiford Field,38.1744003296 -85.736000061,US,Louisville
2268,SDQ,large_airport,Las Américas International Airport,18.4297008514 -69.6688995361,DO,Santo Domingo
2285,SGF,large_airport,Springfield Branson National Airport,37.24570084 -93.38860321,US,Springfield
2287,SGN,large_airport,Tan Son Nhat International Airport,10.8187999725 106.652000427,VN,Ho Chi Minh City
2289,SHE,large_airport,Taoxian Airport,41.6398010254 123.483001709,CN,Shenyang
2290,SHJ,large_airport,Sharjah International Airport,25.3285999298 55.51720047,AE,Sharjah
2295,SHV,large_airport,Shreveport Regional Airport,32.4466018677 -93.8255996704,US,Shreveport
2300,SIN,large_airport,Singapore Changi International Airport,1.3501900434 103.9940032959,SG,Singapore
2301,SIP,large_airport,Simferopol International Airport,45.0522003174 33.9751014709,UA,Simferopol
2304,SJC,large_airport,Norman Y. Mineta San Jose International Airport,37.3625984192 -121.9290008545,US,San Jose
2305,SJD,large_airport,Los Cabos International Airport,23.1518001556 -109.7210006714,MX,San José del Cabo
2307,SJJ,large_airport,Sarajevo International Airport,43.8246002197 18.3314990997,BA,Sarajevo
2311,SJU,large_airport,Luis Munoz Marin International Airport,18.4393997192 -66.0018005371,PR,San Juan
2317,SKG,large_airport,Thessaloniki Macedonia International Airport,40.5196990967 22.9708995819,GR,Thessaloniki
2321,SKT,large_airport,Sialkot Airport,32.5355567932 74.3638916016,PK,Sialkot
2325,SLC,large_airport,Salt Lake City International Airport,40.7883987427 -111.9779968262,US,Salt Lake City
2333,SLV,large_airport,Shimla Airport,31.0818004608 77.0680007935,IN,Shimla
2337,SMF,large_airport,Sacramento International Airport,38.695400238 -121.591003418,US,Sacramento
2341,SNA,large_airport,John Wayne Airport-Orange County Airport,33.67570114 -117.8679962,US,Santa Ana
2344,SNN,large_airport,Shannon Airport,52.7019996643 -8.9248199463,IE,Shannon
2348,SOF,large_airport,Sofia Airport,42.6966934204 23.4114360809,BG,Sofia
2353,SOU,large_airport,Southampton Airport,50.9502983093 -1.3567999601,GB,Southampton
2360,SPS,large_airport,Sheppard Air Force Base-Wichita Falls Municipal Airport,33.98880005 -98.49189758,US,Wichita Falls
2366,SRQ,large_airport,Sarasota Bradenton International Airport,27.3953990936 -82.554397583,US,Sarasota/Bradenton
2371,SSA,large_airport,Deputado Luiz Eduardo Magalhães International Airport,-12.9086112976 -38.3224983215,BR,Salvador
2379,STL,large_airport,Lambert St Louis International Airport,38.7486991882 -90.3700027466,US,St Louis
2382,STR,large_airport,Stuttgart Airport,48.6898994446 9.2219600677,DE,Stuttgart
2386,SUB,large_airport,Juanda International Airport,-7.3798298836 112.7870025635,ID,Surabaya
2393,SUX,large_airport,Sioux Gateway Col. Bud Day Field,42.40259933 -96.38439941,US,Sioux City
2395,SVG,large_airport,Stavanger Airport Sola,58.876701355 5.6377801895,NO,Stavanger
2401,SVX,large_airport,Koltsovo Airport,56.7430992126 60.8027000427,RU,Yekaterinburg
2409,SXF,large_airport,Berlin-Schönefeld International Airport,52.3800010681 13.5225000381,DE,Berlin
2411,SXM,large_airport,Princess Juliana International Airport,18.0410003662 -63.1088981628,SX,Philipsburg
2415,SYD,large_airport,Sydney Kingsford Smith International Airport,-33.9460983276 151.1770019531,AU,Sydney
2418,SYR,large_airport,Syracuse Hancock International Airport,43.1111984253 -76.106300354,US,Syracuse
2420,SYX,large_airport,Sanya Phoenix International Airport,18.3029003143 109.4120025635,CN,Sanya
2422,SYZ,large_airport,Shiraz Shahid Dastghaib International Airport,29.5391998291 52.5898017883,IR,Shiraz
2428,SZX,large_airport,Shenzhen Bao'an International Airport,22.6392993927 113.8109970093,CN,Shenzhen
2438,TAS,large_airport,Tashkent International Airport,41.257900238 69.2811965942,UZ,Tashkent
2447,TBS,large_airport,Tbilisi International Airport,41.6692008972 44.95470047,GE,Tbilisi
2451,TBZ,large_airport,Tabriz International Airport,38.1338996887 46.2350006104,IR,Tabriz
2456,TCM,large_airport,McChord Air Force Base,47.1376991272 -122.475997925,US,Tacoma
2468,TFN,large_airport,Tenerife Norte Airport,28.4827003479 -16.3414993286,ES,Tenerife
2471,TGD,large_airport,Podgorica Airport,42.3594017029 19.2518997192,ME,Podgorica
2486,TIA,large_airport,Tirana International Airport Mother Teresa,41.4146995544 19.7206001282,AL,Tirana
2488,TIJ,large_airport,General Abelardo L. Rodríguez International Airport,32.5410995483 -116.9700012207,MX,Tijuana
2490,TIP,large_airport,Tripoli International Airport,32.6635017395 13.1590003967,LY,Tripoli
2503,TLH,large_airport,Tallahassee Regional Airport,30.3964996338 -84.3503036499,US,Tallahassee
2504,TLL,large_airport,Tallinn Airport,59.4132995605 24.8327999115,EE,Tallinn
2507,TLS,large_airport,Toulouse-Blagnac Airport,43.6291007996 1.3638199568,FR,Toulouse/Blagnac
2508,TLV,large_airport,Ben Gurion International Airport,32.0113983154 34.8866996765,IL,Tel Aviv
2520,TNA,large_airport,Yaoqiang Airport,36.8572006226 117.216003418,CN,Jinan
2530,TOL,large_airport,Toledo Express Airport,41.58679962 -83.80780029,US,Toledo
2533,TOS,large_airport,Tromsø Airport,69.6832962036 18.9188995361,NO,Tromsø
2536,TPA,large_airport,Tampa International Airport,27.9755001068 -82.533203125,US,Tampa
2542,TRD,large_airport,Trondheim Airport Værnes,63.4578018188 10.9239997864,NO,Trondheim
2544,TRI,large_airport,Tri Cities Regional Tn Va Airport,36.4752006531 -82.4074020386,US,Bristol/Johnson/Kingsport
2545,TRN,large_airport,Torino / Caselle International Airport,45.2008018494 7.6496300697,IT,Torino
2551,TRV,large_airport,Trivandrum International Airport,8.4821195602 76.9200973511,IN,Trivandrum
2553,TSE,large_airport,Astana International Airport,51.0222015381 71.4669036865,KZ,Astana
2554,TSF,large_airport,Treviso / Sant'Angelo Airport,45.648399353 12.1943998337,IT,Treviso
2556,TSN,large_airport,Tianjin Binhai International Airport,39.1244010925 117.346000671,CN,Tianjin
2572,TUL,large_airport,Tulsa International Airport,36.1983985901 -95.8880996704,US,Tulsa
2573,TUN,large_airport,Tunis Carthage International Airport,36.8510017395 10.2271995544,TN,Tunis
2577,TUS,large_airport,Tucson International Airport,32.1161003113 -110.9410018921,US,Tucson
2587,TYN,large_airport,Taiyuan Wusu Airport,37.7468986511 112.6279983521,CN,Taiyuan
2589,TYS,large_airport,McGhee Tyson Airport,35.81100082 -83.9940033,US,Knoxville
2593,TZX,large_airport,Trabzon International Airport,40.995098114 39.7896995544,TR,Trabzon
2607,UFA,large_airport,Ufa International Airport,54.5574989319 55.8744010925,RU,Ufa
2614,UIO,large_airport,Nuevo Aeropuerto Internacional Mariscal Sucre,-0.1291666667 -78.3575,EC,Quito
2629,UPG,large_airport,Hasanuddin International Airport,-5.0616297722 119.5540008545,ID,Udjung Pandang
2633,URC,large_airport,Ürümqi Diwopu International Airport,43.9071006775 87.4741973877,CN,Ürümqi
2658,VAR,large_airport,Varna Airport,43.2321014404 27.8250999451,BG,Varna
2664,VCE,large_airport,Venezia / Tessera -  Marco Polo Airport,45.5052986145 12.3519001007,IT,Venice
2668,VDA,large_airport,Ovda International Airport,29.9402999878 34.935798645,IL,Eilat
2704,VNO,large_airport,Vilnius International Airport,54.6341018677 25.2858009338,LT,Vilnius
2710,VPS,large_airport,Eglin Air Force Base,30.4832000732 -86.5253982544,US,Valparaiso
2712,VRA,large_airport,Juan Gualberto Gomez International Airport,23.0344009399 -81.4353027344,CU,Varadero
2716,VRN,large_airport,Verona / Villafranca Airport,45.3956985474 10.8885002136,IT,Verona
2734,WAW,large_airport,Warsaw Chopin Airport,52.1656990051 20.9671001434,PL,Warsaw
2754,WNZ,large_airport,Wenzhou Yongqiang Airport,27.9122009277 120.8519973755,CN,Wenzhou
2756,WRB,large_airport,Robins Air Force Base,32.6400985718 -83.5919036865,US,Warner Robins
2760,WRO,large_airport,Copernicus Wrocław Airport,51.1026992798 16.885799408,PL,Wrocław
2762,WUH,large_airport,Wuhan Tianhe International Airport,30.7838001251 114.2080001831,CN,Wuhan
2783,XIY,large_airport,Xi'an Xianyang International Airport,34.447101593 108.7519989014,CN,Xianyang
2791,XMN,large_airport,Xiamen Gaoqi International Airport,24.5440006256 118.1279983521,CN,Xiamen
2829,YEG,large_airport,Edmonton International Airport,53.3097000122 -113.580001831,CA,Edmonton
2854,YHZ,large_airport,Halifax / Stanfield International Airport,44.8807983398 -63.5085983276,CA,Halifax
2886,YOW,large_airport,Ottawa Macdonald-Cartier International Airport,45.3224983215 -75.6691970825,CA,Ottawa
2894,YQB,large_airport,Quebec Jean Lesage International Airport,46.7910995483 -71.3933029175,CA,Quebec
2929,YUL,large_airport,Montreal / Pierre Elliott Trudeau International Airport,45.4706001282 -73.7407989502,CA,Montréal
2938,YVR,large_airport,Vancouver International Airport,49.193901062 -123.183998108,CA,Vancouver
2941,YWG,large_airport,Winnipeg / James Armstrong Richardson International Airport,49.9099998474 -97.2398986816,CA,Winnipeg
2954,YYC,large_airport,Calgary International Airport,51.113899231 -114.019996643,CA,Calgary
2959,YYJ,large_airport,Victoria International Airport,48.646900177 -123.426002502,CA,Victoria
2961,YYT,large_airport,St. John's International Airport,47.618598938 -52.7518997192,CA,St. John's
2965,YYZ,large_airport,Lester B. Pearson International Airport,43.6772003174 -79.6305999756,CA,Toronto
2974,ZAG,large_airport,Zagreb Airport,45.7429008484 16.0687999725,HR,Zagreb
3002,ZRH,large_airport,Zürich Airport,47.4646987915 8.5491695404,CH,Zurich
